Overtaking Frame,Lane
149,2nd Adj. Lane
355,2nd Adj. Lane
386,1st Adj. Lane
506,2nd Adj. Lane
656,2nd Adj. Lane
1036,2nd Adj. Lane
1316,1st Adj. Lane
1403,2nd Adj. Lane
1548,1st Adj. Lane
1613,2nd Adj. Lane
1736,2nd Adj. Lane
1751,1st Adj. Lane
1770,1st Adj. Lane
1795,1st Adj. Lane
1814,2nd Adj. Lane
1887,2nd Adj. Lane
4011,2nd Adj. Lane
4444,1st Adj. Lane
4491,2nd Adj. Lane
4603,1st Adj. Lane
4637,1st Adj. Lane
4663,1st Adj. Lane
4751,1st Adj. Lane
4774,2nd Adj. Lane
4787,1st Adj. Lane
4927,1st Adj. Lane
4958,2nd Adj. Lane
4987,1st Adj. Lane
5028,2nd Adj. Lane
5073,2nd Adj. Lane
5126,1st Adj. Lane
5460,1st Adj. Lane
5515,2nd Adj. Lane
5531,2nd Adj. Lane
5559,2nd Adj. Lane
5572,1st Adj. Lane
5733,2nd Adj. Lane
6384,2nd Adj. Lane
6646,2nd Adj. Lane
6681,1st Adj. Lane
6696,2nd Adj. Lane
6741,1st Adj. Lane
6744,2nd Adj. Lane
6780,2nd Adj. Lane
6790,1st Adj. Lane
6803,2nd Adj. Lane
6835,2nd Adj. Lane
6913,2nd Adj. Lane
6957,2nd Adj. Lane
6982,2nd Adj. Lane
7026,2nd Adj. Lane
7096,1st Adj. Lane
7311,2nd Adj. Lane
7355,2nd Adj. Lane
7681,2nd Adj. Lane
7775,2nd Adj. Lane
8163,2nd Adj. Lane
8317,1st Adj. Lane
10227,1st Adj. Lane
10711,2nd Adj. Lane
10927,1st Adj. Lane
10964,2nd Adj. Lane
10988,2nd Adj. Lane
11017,2nd Adj. Lane
11110,2nd Adj. Lane
11127,1st Adj. Lane
11183,1st Adj. Lane
11240,2nd Adj. Lane
11255,2nd Adj. Lane
11856,1st Adj. Lane
11930,1st Adj. Lane
12009,1st Adj. Lane
12032,1st Adj. Lane
12064,2nd Adj. Lane
12071,1st Adj. Lane
12106,2nd Adj. Lane
12122,1st Adj. Lane
12136,2nd Adj. Lane
13400,2nd Adj. Lane
13433,1st Adj. Lane
13457,2nd Adj. Lane
13473,1st Adj. Lane
13492,2nd Adj. Lane
13533,2nd Adj. Lane
13570,2nd Adj. Lane
13581,1st Adj. Lane
13596,2nd Adj. Lane
13608,1st Adj. Lane
13625,1st Adj. Lane
13646,2nd Adj. Lane
13693,1st Adj. Lane
13732,2nd Adj. Lane
13827,2nd Adj. Lane
13841,2nd Adj. Lane
13857,2nd Adj. Lane
13866,1st Adj. Lane
13875,2nd Adj. Lane
13914,1st Adj. Lane
13937,2nd Adj. Lane
13959,1st Adj. Lane
13974,2nd Adj. Lane
13998,1st Adj. Lane
14012,2nd Adj. Lane
14379,1st Adj. Lane
14427,2nd Adj. Lane
14764,1st Adj. Lane
15105,1st Adj. Lane
16757,2nd Adj. Lane
16834,2nd Adj. Lane
16987,2nd Adj. Lane
17217,2nd Adj. Lane
17312,1st Adj. Lane
17387,1st Adj. Lane
17419,2nd Adj. Lane
17425,1st Adj. Lane
17449,2nd Adj. Lane
17511,2nd Adj. Lane
17544,2nd Adj. Lane
17583,2nd Adj. Lane
17611,2nd Adj. Lane
17635,2nd Adj. Lane
17658,2nd Adj. Lane
17679,2nd Adj. Lane
17708,2nd Adj. Lane
17714,1st Adj. Lane
17851,2nd Adj. Lane
17927,2nd Adj. Lane
18210,2nd Adj. Lane
18290,1st Adj. Lane
18308,2nd Adj. Lane
18335,1st Adj. Lane
18336,2nd Adj. Lane
18432,1st Adj. Lane
18457,1st Adj. Lane
18486,2nd Adj. Lane
20026,2nd Adj. Lane
20184,2nd Adj. Lane
20195,2nd Adj. Lane
20222,1st Adj. Lane
20256,2nd Adj. Lane
20300,2nd Adj. Lane
20314,1st Adj. Lane
20333,2nd Adj. Lane
20344,1st Adj. Lane
20378,2nd Adj. Lane
20421,2nd Adj. Lane
20605,2nd Adj. Lane
20716,2nd Adj. Lane
20732,1st Adj. Lane
21809,1st Adj. Lane
23211,1st Adj. Lane
23278,2nd Adj. Lane
23363,2nd Adj. Lane
23394,2nd Adj. Lane
23476,1st Adj. Lane
23507,2nd Adj. Lane
23616,2nd Adj. Lane
23680,1st Adj. Lane
23766,1st Adj. Lane
23788,1st Adj. Lane
23816,2nd Adj. Lane
23821,1st Adj. Lane
23845,1st Adj. Lane
23876,2nd Adj. Lane
23902,2nd Adj. Lane
23922,2nd Adj. Lane
23933,1st Adj. Lane
23974,1st Adj. Lane
23974,2nd Adj. Lane
24031,2nd Adj. Lane
24080,1st Adj. Lane
24425,2nd Adj. Lane
24490,1st Adj. Lane
24542,2nd Adj. Lane
24620,1st Adj. Lane
24713,1st Adj. Lane
24864,2nd Adj. Lane
